State,ANC_First,ANC_4,PNC_2Days,Delivery_Cost,Institutional_Delivery,CSection_Rate,Doctors_Required,Doctors_Sanctioned,Doctors_InPosition,Doctors_Vacant,Doctors_Shortfall,Specialists_Required,Specialists_Sanctioned,Specialists_InPosition,Specialists_Vacant,Specialists_Shortfall,Nursing_Required,Nursing_Sanctioned,Nursing_InPosition,Nursing_Vacant,Nursing_Shortfall,SubCentres_Rural,SubCentres_Urban,PHCs_Rural,PHCs_Urban,CHCs_Rural,CHCs_Urban,SC_Required,SC_InPosition,SC_Shortfall,SC_PctShortfall,PHC_Required,PHC_InPosition,PHC_Shortfall,PHC_PctShortfall,CHC_Required,CHC_InPosition,CHC_Shortfall,CHC_PctShortfall,MMR,CI_Lower,CI_Upper,Maternal_Mortality_Rate,Lifetime_Risk_Pct
Andaman & Nicobar Islands,77.1,83.4,88.9,2924.0,99.0,29.9,22.0,53,50,3,,16.0,16,4,12,12,50.0,158,151,7,,124.0,0.0,22.0,5.0,4.0,0.0,48,124,,,7,22,,,1,4,,,,,,,
Andhra Pradesh,81.7,67.5,90.7,3105.0,96.5,42.4,1142.0,2206,2048,158,,556.0,408,264,144,292,2115.0,4630,3949,681,,11073.0,407.0,1142.0,547.0,139.0,42.0,7078,11073,,,1167,1142,25,2,291,139,152,52,39.0,9.0,69.0,2.0,0.07
Arunachal Pradesh,53.1,36.5,56.4,9731.0,79.2,14.8,126.0,,129,,,228.0,,11,,217,525.0,,692,,,355.0,12.0,126.0,5.0,57.0,0.0,345,355,,,52,126,,,13,57,,,,,,,
Assam,63.8,50.7,65.3,5415.0,84.1,18.1,920.0,1617,1381,236,,688.0,267,179,88,509,2124.0,3484,3563,,,4667.0,34.0,920.0,90.0,172.0,29.0,6546,4667,1879,29,1068,920,148,14,267,172,95,36,84.0,35.0,134.0,5.0,0.17
Bihar,52.9,25.2,57.3,2848.0,76.2,9.7,1492.0,3595,1538,2057,,1076.0,1281,322,959,754,3375.0,8223,4956,3267,,9375.0,1024.0,1492.0,268.0,269.0,32.0,22238,9375,12863,58,3698,1492,2206,60,924,269,655,71,96.0,62.0,130.0,9.0,0.32
Chandigarh,82.3,78.7,90.6,5546.0,96.9,31.3,0.0,N App,N App,N App,N App,0.0,N App,N App,N App,N App,0.0,N App,N App,N App,N App,0.0,0.0,0.0,43.0,0.0,2.0,N App,N App,N App,N App,N App,N App,N App,N App,N App,N App,N App,N App,,,,,
Chhattisgarh,65.7,60.1,84.0,1833.0,85.7,15.2,770.0,967,491,476,279,668.0,616,66,550,602,1939.0,4233,3144,1089,,5124.0,370.0,770.0,52.0,167.0,3.0,5454,5124,330,6,864,770,94,11,216,167,49,23,124.0,48.0,199.0,9.0,0.31
Dadra & Nagar Haveli and Daman & Diu,77.7,86.2,91.6,677.0,96.5,22.9,,,,,,,,,,,,,,,,94.0,3.0,12.0,2.0,3.0,1.0,,,,,,,,,,,,,,,,,
Goa,70.3,93.0,95.4,3804.0,99.7,39.5,24.0,74,66,8,,24.0,22,2,20,22,66.0,239,167,72,,219.0,0.0,24.0,4.0,6.0,0.0,86,219,,,14,24,,,3,6,,,,,,,
Gujarat,79.3,76.9,89.7,1697.0,94.3,21.0,1474.0,1877,1692,185,,1376.0,411,127,284,1249,3882.0,4465,3901,564,,9132.0,0.0,1474.0,330.0,344.0,17.0,8448,9132,,,1361,1474,,,340,344,,,64.0,33.0,95.0,4.0,0.14
Haryana,85.2,60.4,91.3,1666.0,94.9,19.5,394.0,791,591,200,,516.0,136,33,103,483,1297.0,3263,2262,1001,,2653.0,0.0,394.0,103.0,129.0,2.0,3493,2653,840,24,582,394,188,32,145,129,16,11,94.0,47.0,141.0,6.0,0.22
Himachal Pradesh,72.4,70.3,86.3,3760.0,88.2,21.0,553.0,651,501,150,52,372.0,,18,,354,1204.0,665,447,218,757,2114.0,1.0,553.0,17.0,93.0,4.0,1389,2114,,,229,553,,,57,93,,,,,,,
India,70.0,58.1,78.0,2916.0,88.6,21.5,24935.0,39669,30640,9451,776,21920.0,13787,4485,9343,17435,63295.0,100008,79933,22014,5472,,,,,,,193310,157935,48060,25,31640,24935,9742,31,7894,5480,2852,36,,,,,
Jammu & Kashmir,86.6,80.9,84.2,5145.0,92.4,41.7,891.0,1524,904,620,,224.0,228,127,101,97,1283.0,1442,1149,293,134,2429.0,42.0,891.0,82.0,56.0,23.0,2057,2429,,,335,891,,,83,56,27,33,,,,,
Jharkhand,68.0,38.6,69.1,2069.0,75.8,12.8,291.0,291,285,6,6,684.0,684,207,477,477,1488.0,1317,1372,,116,3848.0,0.0,291.0,70.0,171.0,7.0,6998,3848,3150,45,1115,291,824,74,278,171,107,38,82.0,29.0,136.0,6.0,0.2
Karnataka,71.0,70.9,87.4,4954.0,97.0,31.5,2138.0,2492,2078,414,60,728.0,461,263,198,465,3412.0,5371,4858,513,,8757.0,515.0,2138.0,383.0,182.0,30.0,7997,8757,,,1313,2138,,,328,182,146,45,73.0,37.0,108.0,3.0,0.12
Kerala,93.6,78.6,93.3,6710.0,99.8,38.9,780.0,1564,1503,61,,844.0,50,48,2,796,2257.0,3167,2940,227,,4933.0,479.0,780.0,164.0,211.0,19.0,1893,4933,,,314,780,,,78,211,,,24.0,0.0,50.0,1.0,0.04
Ladakh,85.8,78.4,79.6,3807.0,95.1,37.6,32.0,108,54,54,,28.0,27,12,15,16,81.0,53,52,1,29,288.0,0.0,32.0,1.0,7.0,0.0,69,288,,,10,32,,,2,7,,,,,,,
Lakshadweep,99.6,88.3,92.6,2533.0,99.6,31.3,4.0,12,12,0,,12.0,8,8,0,4,25.0,46,46,0,,9.0,0.0,4.0,0.0,3.0,0.0,0,9,,,0,4,,,0,3,,,,,,,
Madhya Pradesh,75.4,57.5,83.5,1619.0,90.7,12.1,1266.0,1946,1631,315,,1328.0,1193,66,1127,1262,3590.0,4612,4649,,,10287.0,0.0,1266.0,306.0,332.0,24.0,14421,10287,4134,29,2311,1266,1045,45,577,332,245,42,135.0,93.0,176.0,11.0,0.38
Maharashtra,70.9,70.3,85.4,2966.0,94.7,25.4,1853.0,3960,3239,721,,1024.0,452,313,139,711,3645.0,4117,3172,945,473,10673.0,0.0,1853.0,686.0,256.0,142.0,14255,10673,3582,25,2323,1853,470,20,580,256,324,56,37.0,14.0,61.0,2.0,0.07
Manipur,79.9,79.4,73.4,14518.0,79.9,25.6,74.0,343,308,35,,32.0,32,18,14,14,130.0,463,405,58,,393.0,23.0,74.0,21.0,8.0,9.0,546,393,153,28,86,74,12,14,21,8,13,62,,,,,
Meghalaya,53.9,52.2,43.9,3219.0,58.1,8.2,122.0,178,171,7,,112.0,5,5,0,107,318.0,749,799,,,459.0,0.0,122.0,25.0,28.0,0.0,845,459,386,46,127,122,5,4,31,28,3,10,,,,,
Mizoram,72.7,58.0,68.0,7008.0,85.8,10.8,57.0,0,57,,0,36.0,0,0,0,36,120.0,0,213,,,300.0,73.0,57.0,9.0,9.0,0.0,182,300,,,27,57,,,6,9,,,,,,,
NCT Delhi,76.4,77.2,85.4,2548.0,91.8,23.6,5.0,19,16,3,,0.0,N App,N App,N App,N App,5.0,6,6,0,,12.0,2.0,5.0,545.0,0.0,0.0,21,12,9,43,3,5,,,0,0,0,0,,,,,
Nagaland,49.5,20.7,43.9,5778.0,45.7,5.2,129.0,138,130,8,,92.0,,9,,83,290.0,321,423,,,434.0,18.0,129.0,7.0,23.0,0.0,395,434,,,59,129,,,14,23,,,,,,,
Odisha,76.9,78.1,88.4,4139.0,92.2,21.6,1288.0,1333,990,343,298,1508.0,1512,306,1206,1202,3927.0,5667,2642,3025,1285,6688.0,0.0,1288.0,105.0,377.0,7.0,8776,6688,2088,24,1409,1288,121,9,352,377,,,124.0,74.0,175.0,7.0,0.24
Puducherry,82.4,86.9,93.1,3259.0,99.6,36.3,24.0,45,45,0,,12.0,0,0,0,12,45.0,133,148,,,53.0,28.0,24.0,15.0,3.0,1.0,97,53,44,45,16,24,,,4,3,1,25,,,,,
Punjab,68.5,59.3,86.2,3745.0,94.3,38.5,422.0,607,418,189,4,600.0,577,151,426,449,1472.0,2917,1854,1063,,2951.0,0.0,422.0,100.0,150.0,10.0,3575,2951,624,17,595,422,173,29,148,150,,,77.0,23.0,132.0,4.0,0.13
Rajasthan,76.3,55.3,85.3,2102.0,94.9,10.4,2133.0,2466,2150,316,,2464.0,1555,525,1030,1939,6445.0,11358,9283,2075,,13523.0,66.0,2133.0,276.0,616.0,69.0,13152,13523,,,2136,2133,3,0,534,616,,,87.0,51.0,124.0,7.0,0.25
Sikkim,63.7,58.4,69.3,8334.0,94.7,32.8,24.0,39,38,1,,8.0,0,0,0,8,38.0,141,145,,,147.0,6.0,24.0,2.0,2.0,0.0,88,147,,,14,24,,,3,2,1,33,,,,,
Tamil Nadu,77.4,89.9,93.2,3316.0,99.6,44.9,1422.0,2986,2722,264,,1540.0,337,249,88,1291,4117.0,8852,7911,941,,8713.0,0.0,1422.0,464.0,385.0,15.0,7235,8713,,,1202,1422,,,300,385,,,25.0,3.0,46.0,1.0,0.04
Telangana,88.5,70.4,87.6,3846.0,97.0,60.7,578.0,1162,802,360,,112.0,112,98,14,14,774.0,2094,1583,511,,4229.0,681.0,578.0,256.0,28.0,54.0,4379,4229,150,3,714,578,136,19,178,28,150,84,48.0,8.0,89.0,3.0,0.09
Tripura,63.2,52.7,71.9,6640.0,89.2,25.1,108.0,,236,,,84.0,,3,,81,255.0,,683,,,956.0,44.0,108.0,9.0,21.0,2.0,645,956,,,101,108,,,25,21,4,16,,,,,
Uttar Pradesh,62.5,42.4,72.0,2300.0,83.4,13.7,2919.0,4448,2890,1558,29,3316.0,2946,918,2028,2398,8722.0,11684,6588,5096,2134,20781.0,0.0,2919.0,594.0,829.0,12.0,35772,20781,14991,42,5955,2919,3036,51,1488,829,659,44,154.0,115.0,192.0,13.0,0.44
Uttarakhand,68.8,61.8,78.0,3343.0,83.2,20.4,531.0,623,483,140,48,208.0,162,36,126,172,895.0,718,351,367,544,1785.0,66.0,531.0,76.0,52.0,28.0,1526,1785,,,252,531,,,63,52,11,17,99.0,52.0,146.0,6.0,0.21
West Bengal,72.6,75.8,68.0,2683.0,91.7,32.6,915.0,1538,975,563,,1392.0,289,97,192,1295,3351.0,5331,5340,,,10357.0,0.0,915.0,456.0,348.0,0.0,13194,10357,2837,22,2171,915,1256,58,542,348,194,36,94.0,56.0,132.0,4.0,0.15
